Workbook

Sheet Guia_Usuario
A1: Plantilla de carga masiva de Movimientos — Estancia360
A2: Cubre los 4 tipos de movimiento (Compra, Venta, Traslado entre potreros/lotes, Salida a otra estancia) más las Bajas (muerte/descarte/pérdida), que en el sistema son un concepto aparte aunque conviven en el mismo módulo. El operador llena la planilla en campo u oficina, la app la lee y arma el mismo batch que se manda por el endpoint de sincronización de Movimientos.
A4: Regla principal — qué significa ID_CARGA acá
A5: A diferencia de Sanidad (donde ID_CARGA es solo una etiqueta para vos), en Compras, Ventas, Traslados y Salidas_Estancia el ID_CARGA SÍ agrupa de verdad: todas las filas que comparten el mismo ID_CARGA se cargan como UNA SOLA operación con varios animales adentro. Por eso los datos generales de esa operación (FECHA, COMPRADOR/PROVEEDOR/ESTANCIA_DESTINO, PRECIO_TOTAL, PRECIO_POR_KG, NOTAS_OPERACION) tienen que ser IGUALES en todas las filas de un mismo ID_CARGA — si una fila tiene un dato distinto al resto del grupo, puede generar un error al importar. En Carga_Bajas es distinto: cada fila es una baja independiente (una por animal), el ID_CARGA ahí es solo para que vos agrupes visualmente tu planilla de trabajo, no une nada al importar.
A7: Cómo usar la plantilla
A8: Paso | B8: Acción | C8: Detalle
A9: 1 | B9: Elegir la hoja según la operación | C9: Cada tipo de movimiento tiene su propia hoja: Carga_Compras, Carga_Ventas, Carga_Traslados, Carga_Salidas_Estancia, Carga_Bajas. No mezclar tipos en una misma hoja.
A10: 2 | B10: Completar el encabezado de la operación | C10: FECHA y, según el tipo, COMPRADOR/PROVEEDOR/ESTANCIA_DESTINO, PRECIO_TOTAL, PRECIO_POR_KG. Repetir estos valores en cada fila del mismo ID_CARGA.
A11: 3 | B11: Completar los datos por animal | C11: En Ventas/Traslados/Salidas: CODIGO_ANIMAL de un animal YA EXISTENTE (ver Animales_Referencia). En Compras: los datos del animal NUEVO que ingresa (no tiene código previo en el sistema).
A12: 4 | B12: Definir DECISION en Ventas | C12: accepted (venta cerrada, caso normal en carga masiva retroactiva) o rejected (el comprador no se llevó ese animal puntual). Sin este dato la venta queda pendiente sin resolver.
A13: 5 | B13: Usar Catalogos_Referencia y Animales_Referencia | C13: Copiar de ahí códigos de animal, nombres de lote, razas y categorías válidas — deben coincidir exacto con lo que existe en el sistema, no se crean catálogos nuevos desde este Excel.
A14: 6 | B14: Revisar la columna VALIDACION | C14: Si dice REVISAR, falta un dato obligatorio para esa fila. No debería quedar ninguna fila en REVISAR antes de importar.
A15: 7 | B15: Borrar filas EJEMPLO | C15: Las hojas de carga incluyen filas marcadas EJEMPLO con relleno de color. Borrarlas o sobreescribirlas antes de importar — no deben llegar al sistema.
A16: 8 | B16: Guardar y subir desde la app | C16: La app lee el Excel y lo guarda en el celular. Cuando haya conexión, sincroniza sola con el servidor.
A18: Qué hoja usar
A19: Hoja | B19: Uso
A20: Carga_Compras | B20: Ingreso de animales NUEVOS comprados a un proveedor o estancia externa. Da de alta el animal directamente como comprado.
A21: Carga_Ventas | B21: Venta de animales YA EXISTENTES en tu estancia. Queda a la espera hasta que definís por animal si la venta se concretó o no, con la columna DECISION (accepted = se vendió, rejected = no se vendió).
A22: Carga_Traslados | B22: Traslado de animales entre potreros/lotes DENTRO de la misma estancia. Solo cambia el lote del animal, no cambia su estado.
A23: Carga_Salidas_Estancia | B23: Salida definitiva a otra estancia, sin venta comercial registrada en el sistema (ej. traslado entre estancias del mismo grupo/dueño). Queda registrado como retirado, igual que una venta concretada, pero es un concepto distinto.
A24: Carga_Bajas | B24: Muerte, descarte, pérdida u otro motivo de baja. Es IRREVERSIBLE. No confundir con venta ni con salida a otra estancia — son conceptos distintos aunque el animal termine igual de 'fuera' de la estancia.
A25: Catalogos_Referencia | B25: Lotes, razas y categorías de animal válidas en la estancia — usar para completar LOTE_DESTINO, RAZA y CATEGORIA.
A26: Animales_Referencia | B26: Listado de animales existentes de ejemplo, para copiar CODIGO_ANIMAL y ver su lote actual antes de vender/trasladar/dar de baja.
A27: Resumen_Validacion | B27: Control rápido de filas cargadas, errores por hoja y totales por tipo de operación.
A29: Advertencias importantes
A30: • No modificar nombres de columnas: el importador de la app depende de esos encabezados exactos.
A31: • Usar formato de fecha AAAA-MM-DD. Ejemplo: 2027-03-01.
A32: • Una vez que un animal queda vendido (Ventas con DECISION=accepted), sale a otra estancia (Salidas_Estancia) o se da de baja (Bajas), esa operación es IRREVERSIBLE — el animal no puede volver a aparecer en otra carga después.
A33: • Compras da de alta animales nuevos: CODIGO_ANIMAL_NUEVO debe ser un código que todavía NO exista en tu estancia — no reutilizar caravanas de animales que ya tenés cargados.
A34: • Solo el Dueño de la estancia puede registrar Compras, Ventas y Salidas_Estancia. Traslados y Bajas los puede cargar cualquier usuario habilitado.
A35: • Si un animal tiene un tratamiento veterinario con período de espera todavía vigente, el sistema va a rechazar su venta — revisar el módulo de Sanidad antes de vender ese animal.
A36: • Carga_Bajas: si te equivocaste al cargar el motivo o la nota, se puede corregir después desde la app, pero el animal NO vuelve a su estado anterior — revisar bien antes de subir.
A37: • Sobre filas de ejemplo: las hojas de carga incluyen filas marcadas EJEMPLO (relleno de color). Borrarlas o reemplazarlas antes de importar.

Sheet Carga_Compras
A1: ID_CARGA | B1: FECHA | C1: PROVEEDOR | D1: PRECIO_TOTAL | E1: PRECIO_POR_KG | F1: NOTAS_OPERACION | G1: CODIGO_ANIMAL_NUEVO | H1: SEXO | I1: RAZA | J1: CATEGORIA | K1: FECHA_NACIMIENTO | L1: PESO | M1: LOTE_DESTINO | N1: ETAPA_PRODUCTIVA | O1: NOTAS_ANIMAL | P1: VALIDACION
A2: COMP-EJEMPLO-001 | B2: 46447 | C2: Estancia La Esperanza | D2: 45000000 | F2: EJEMPLO - borrar antes de importar | G2: COMP-NUEVO-001 | H2: M | I2: VACA | J2: Novillo | K2: 45910 | L2: 310 | M2: Lote Engorde 1 | N2: Engorde | O2: Ingresa directo a engorde | P2: =IF(COUNTA(A2:O2)=0,"",IF(AND(B2<>"",G2<>"",H2<>"",I2<>"",J2<>"",K2<>""),"OK","REVISAR: falta fecha, código, sexo, raza, categoría o fecha de nacimiento"))
A3: COMP-EJEMPLO-001 | B3: 46447 | C3: Estancia La Esperanza | D3: 45000000 | F3: EJEMPLO - borrar antes de importar | G3: COMP-NUEVO-002 | H3: F | I3: VACA | J3: Vaquilla | K3: 45810 | L3: 190 | M3: Lote Recria 1 | N3: Recría | P3: =IF(COUNTA(A3:O3)=0,"",IF(AND(B3<>"",G3<>"",H3<>"",I3<>"",J3<>"",K3<>""),"OK","REVISAR: falta fecha, código, sexo, raza, categoría o fecha de nacimiento"))
P4: =IF(COUNTA(A4:O4)=0,"",IF(AND(B4<>"",G4<>"",H4<>"",I4<>"",J4<>"",K4<>""),"OK","REVISAR: falta fecha, código, sexo, raza, categoría o fecha de nacimiento"))
P5: =IF(COUNTA(A5:O5)=0,"",IF(AND(B5<>"",G5<>"",H5<>"",I5<>"",J5<>"",K5<>""),"OK","REVISAR: falta fecha, código, sexo, raza, categoría o fecha de nacimiento"))
P6: =IF(COUNTA(A6:O6)=0,"",IF(AND(B6<>"",G6<>"",H6<>"",I6<>"",J6<>"",K6<>""),"OK","REVISAR: falta fecha, código, sexo, raza, categoría o fecha de nacimiento"))
P7: =IF(COUNTA(A7:O7)=0,"",IF(AND(B7<>"",G7<>"",H7<>"",I7<>"",J7<>"",K7<>""),"OK","REVISAR: falta fecha, código, sexo, raza, categoría o fecha de nacimiento"))
P8: =IF(COUNTA(A8:O8)=0,"",IF(AND(B8<>"",G8<>"",H8<>"",I8<>"",J8<>"",K8<>""),"OK","REVISAR: falta fecha, código, sexo, raza, categoría o fecha de nacimiento"))
P9: =IF(COUNTA(A9:O9)=0,"",IF(AND(B9<>"",G9<>"",H9<>"",I9<>"",J9<>"",K9<>""),"OK","REVISAR: falta fecha, código, sexo, raza, categoría o fecha de nacimiento"))
P10: =IF(COUNTA(A10:O10)=0,"",IF(AND(B10<>"",G10<>"",H10<>"",I10<>"",J10<>"",K10<>""),"OK","REVISAR: falta fecha, código, sexo, raza, categoría o fecha de nacimiento"))
P11: =IF(COUNTA(A11:O11)=0,"",IF(AND(B11<>"",G11<>"",H11<>"",I11<>"",J11<>"",K11<>""),"OK","REVISAR: falta fecha, código, sexo, raza, categoría o fecha de nacimiento"))
P12: =IF(COUNTA(A12:O12)=0,"",IF(AND(B12<>"",G12<>"",H12<>"",I12<>"",J12<>"",K12<>""),"OK","REVISAR: falta fecha, código, sexo, raza, categoría o fecha de nacimiento"))
P13: =IF(COUNTA(A13:O13)=0,"",IF(AND(B13<>"",G13<>"",H13<>"",I13<>"",J13<>"",K13<>""),"OK","REVISAR: falta fecha, código, sexo, raza, categoría o fecha de nacimiento"))
P14: =IF(COUNTA(A14:O14)=0,"",IF(AND(B14<>"",G14<>"",H14<>"",I14<>"",J14<>"",K14<>""),"OK","REVISAR: falta fecha, código, sexo, raza, categoría o fecha de nacimiento"))
P15: =IF(COUNTA(A15:O15)=0,"",IF(AND(B15<>"",G15<>"",H15<>"",I15<>"",J15<>"",K15<>""),"OK","REVISAR: falta fecha, código, sexo, raza, categoría o fecha de nacimiento"))
... P1001: =IF(COUNTA(A1001:O1001)=0,"",IF(AND(B1001<>"",G1001<>"",H1001<>"",I1001<>"",J1001<>"",K1001<>""),"OK","REVISAR: falta fecha, código, sexo, raza, categoría o fecha de nacimiento"))

Sheet Carga_Ventas
A1: ID_CARGA | B1: FECHA | C1: COMPRADOR | D1: PRECIO_TOTAL | E1: PRECIO_POR_KG | F1: NOTAS_OPERACION | G1: CODIGO_ANIMAL | H1: LOTE_ACTUAL | I1: DECISION | J1: NOTAS_ANIMAL | K1: VALIDACION
A2: VTA-EJEMPLO-001 | B2: 46451 | C2: Frigorífico San Martín | D2: 38000000 | F2: EJEMPLO - borrar antes de importar | G2: VACA-001 | H2: Lote Engorde 1 | I2: accepted | K2: =IF(COUNTA(A2:J2)=0,"",IF(AND(B2<>"",G2<>"",I2<>""),"OK","REVISAR: falta fecha, código de animal o decisión"))
A3: VTA-EJEMPLO-001 | B3: 46451 | C3: Frigorífico San Martín | D3: 38000000 | F3: EJEMPLO - borrar antes de importar | G3: VAQ-001 | H3: Lote Engorde 1 | I3: accepted | K3: =IF(COUNTA(A3:J3)=0,"",IF(AND(B3<>"",G3<>"",I3<>""),"OK","REVISAR: falta fecha, código de animal o decisión"))
A4: VTA-EJEMPLO-001 | B4: 46451 | C4: Frigorífico San Martín | D4: 38000000 | F4: EJEMPLO - borrar antes de importar | G4: TOR-002 | H4: Lote Engorde 1 | I4: rejected | J4: Comprador rechazó, animal bajo peso | K4: =IF(COUNTA(A4:J4)=0,"",IF(AND(B4<>"",G4<>"",I4<>""),"OK","REVISAR: falta fecha, código de animal o decisión"))
K5: =IF(COUNTA(A5:J5)=0,"",IF(AND(B5<>"",G5<>"",I5<>""),"OK","REVISAR: falta fecha, código de animal o decisión"))
K6: =IF(COUNTA(A6:J6)=0,"",IF(AND(B6<>"",G6<>"",I6<>""),"OK","REVISAR: falta fecha, código de animal o decisión"))
K7: =IF(COUNTA(A7:J7)=0,"",IF(AND(B7<>"",G7<>"",I7<>""),"OK","REVISAR: falta fecha, código de animal o decisión"))
K8: =IF(COUNTA(A8:J8)=0,"",IF(AND(B8<>"",G8<>"",I8<>""),"OK","REVISAR: falta fecha, código de animal o decisión"))
K9: =IF(COUNTA(A9:J9)=0,"",IF(AND(B9<>"",G9<>"",I9<>""),"OK","REVISAR: falta fecha, código de animal o decisión"))
K10: =IF(COUNTA(A10:J10)=0,"",IF(AND(B10<>"",G10<>"",I10<>""),"OK","REVISAR: falta fecha, código de animal o decisión"))
K11: =IF(COUNTA(A11:J11)=0,"",IF(AND(B11<>"",G11<>"",I11<>""),"OK","REVISAR: falta fecha, código de animal o decisión"))
K12: =IF(COUNTA(A12:J12)=0,"",IF(AND(B12<>"",G12<>"",I12<>""),"OK","REVISAR: falta fecha, código de animal o decisión"))
K13: =IF(COUNTA(A13:J13)=0,"",IF(AND(B13<>"",G13<>"",I13<>""),"OK","REVISAR: falta fecha, código de animal o decisión"))
K14: =IF(COUNTA(A14:J14)=0,"",IF(AND(B14<>"",G14<>"",I14<>""),"OK","REVISAR: falta fecha, código de animal o decisión"))
K15: =IF(COUNTA(A15:J15)=0,"",IF(AND(B15<>"",G15<>"",I15<>""),"OK","REVISAR: falta fecha, código de animal o decisión"))
K16: =IF(COUNTA(A16:J16)=0,"",IF(AND(B16<>"",G16<>"",I16<>""),"OK","REVISAR: falta fecha, código de animal o decisión"))
... K1001: =IF(COUNTA(A1001:J1001)=0,"",IF(AND(B1001<>"",G1001<>"",I1001<>""),"OK","REVISAR: falta fecha, código de animal o decisión"))

Sheet Carga_Traslados
A1: ID_CARGA | B1: FECHA | C1: NOTAS_OPERACION | D1: CODIGO_ANIMAL | E1: LOTE_ACTUAL | F1: LOTE_DESTINO | G1: NOTAS_ANIMAL | H1: VALIDACION
A2: TRA-EJEMPLO-001 | B2: 46448 | C2: EJEMPLO - borrar antes de importar | D2: VAQ-001 | E2: Lote Recria 1 | F2: Lote Engorde 1 | G2: Pasa a engorde tras selección de recría | H2: =IF(COUNTA(A2:G2)=0,"",IF(AND(B2<>"",D2<>"",F2<>""),"OK","REVISAR: falta fecha, código de animal o lote destino"))
A3: TRA-EJEMPLO-001 | B3: 46448 | C3: EJEMPLO - borrar antes de importar | D3: TOR-002 | E3: Lote Recria 1 | F3: Lote Engorde 1 | H3: =IF(COUNTA(A3:G3)=0,"",IF(AND(B3<>"",D3<>"",F3<>""),"OK","REVISAR: falta fecha, código de animal o lote destino"))
H4: =IF(COUNTA(A4:G4)=0,"",IF(AND(B4<>"",D4<>"",F4<>""),"OK","REVISAR: falta fecha, código de animal o lote destino"))
H5: =IF(COUNTA(A5:G5)=0,"",IF(AND(B5<>"",D5<>"",F5<>""),"OK","REVISAR: falta fecha, código de animal o lote destino"))
H6: =IF(COUNTA(A6:G6)=0,"",IF(AND(B6<>"",D6<>"",F6<>""),"OK","REVISAR: falta fecha, código de animal o lote destino"))
H7: =IF(COUNTA(A7:G7)=0,"",IF(AND(B7<>"",D7<>"",F7<>""),"OK","REVISAR: falta fecha, código de animal o lote destino"))
H8: =IF(COUNTA(A8:G8)=0,"",IF(AND(B8<>"",D8<>"",F8<>""),"OK","REVISAR: falta fecha, código de animal o lote destino"))
H9: =IF(COUNTA(A9:G9)=0,"",IF(AND(B9<>"",D9<>"",F9<>""),"OK","REVISAR: falta fecha, código de animal o lote destino"))
H10: =IF(COUNTA(A10:G10)=0,"",IF(AND(B10<>"",D10<>"",F10<>""),"OK","REVISAR: falta fecha, código de animal o lote destino"))
H11: =IF(COUNTA(A11:G11)=0,"",IF(AND(B11<>"",D11<>"",F11<>""),"OK","REVISAR: falta fecha, código de animal o lote destino"))
H12: =IF(COUNTA(A12:G12)=0,"",IF(AND(B12<>"",D12<>"",F12<>""),"OK","REVISAR: falta fecha, código de animal o lote destino"))
H13: =IF(COUNTA(A13:G13)=0,"",IF(AND(B13<>"",D13<>"",F13<>""),"OK","REVISAR: falta fecha, código de animal o lote destino"))
H14: =IF(COUNTA(A14:G14)=0,"",IF(AND(B14<>"",D14<>"",F14<>""),"OK","REVISAR: falta fecha, código de animal o lote destino"))
H15: =IF(COUNTA(A15:G15)=0,"",IF(AND(B15<>"",D15<>"",F15<>""),"OK","REVISAR: falta fecha, código de animal o lote destino"))
... H1001: =IF(COUNTA(A1001:G1001)=0,"",IF(AND(B1001<>"",D1001<>"",F1001<>""),"OK","REVISAR: falta fecha, código de animal o lote destino"))

Sheet Carga_Salidas_Estancia
A1: ID_CARGA | B1: FECHA | C1: ESTANCIA_DESTINO | D1: NOTAS_OPERACION | E1: CODIGO_ANIMAL | F1: LOTE_ACTUAL | G1: NOTAS_ANIMAL | H1: VALIDACION
A2: SAL-EJEMPLO-001 | B2: 46454 | C2: Estancia Santa Rosa | D2: EJEMPLO - borrar antes de importar | E2: VACA-001 | F2: Lote Cria 1 | G2: Traslado definitivo de reproductoras | H2: =IF(COUNTA(A2:G2)=0,"",IF(AND(B2<>"",E2<>""),"OK","REVISAR: falta fecha o código de animal"))
H3: =IF(COUNTA(A3:G3)=0,"",IF(AND(B3<>"",E3<>""),"OK","REVISAR: falta fecha o código de animal"))
H4: =IF(COUNTA(A4:G4)=0,"",IF(AND(B4<>"",E4<>""),"OK","REVISAR: falta fecha o código de animal"))
H5: =IF(COUNTA(A5:G5)=0,"",IF(AND(B5<>"",E5<>""),"OK","REVISAR: falta fecha o código de animal"))
H6: =IF(COUNTA(A6:G6)=0,"",IF(AND(B6<>"",E6<>""),"OK","REVISAR: falta fecha o código de animal"))
H7: =IF(COUNTA(A7:G7)=0,"",IF(AND(B7<>"",E7<>""),"OK","REVISAR: falta fecha o código de animal"))
H8: =IF(COUNTA(A8:G8)=0,"",IF(AND(B8<>"",E8<>""),"OK","REVISAR: falta fecha o código de animal"))
H9: =IF(COUNTA(A9:G9)=0,"",IF(AND(B9<>"",E9<>""),"OK","REVISAR: falta fecha o código de animal"))
H10: =IF(COUNTA(A10:G10)=0,"",IF(AND(B10<>"",E10<>""),"OK","REVISAR: falta fecha o código de animal"))
H11: =IF(COUNTA(A11:G11)=0,"",IF(AND(B11<>"",E11<>""),"OK","REVISAR: falta fecha o código de animal"))
H12: =IF(COUNTA(A12:G12)=0,"",IF(AND(B12<>"",E12<>""),"OK","REVISAR: falta fecha o código de animal"))
H13: =IF(COUNTA(A13:G13)=0,"",IF(AND(B13<>"",E13<>""),"OK","REVISAR: falta fecha o código de animal"))
H14: =IF(COUNTA(A14:G14)=0,"",IF(AND(B14<>"",E14<>""),"OK","REVISAR: falta fecha o código de animal"))
... H1001: =IF(COUNTA(A1001:G1001)=0,"",IF(AND(B1001<>"",E1001<>""),"OK","REVISAR: falta fecha o código de animal"))

Sheet Carga_Bajas
A1: ID_CARGA | B1: FECHA | C1: CODIGO_ANIMAL | D1: LOTE_ACTUAL | E1: MOTIVO | F1: NOTAS | G1: VALIDACION
A2: BAJA-EJEMPLO-001 | B2: 46450 | C2: TOR-003 | D2: Lote Engorde 1 | E2: death | F2: EJEMPLO - borrar antes de importar. Encontrado muerto en potrero. | G2: =IF(COUNTA(A2:F2)=0,"",IF(AND(B2<>"",C2<>"",E2<>"",OR(E2<>"other",F2<>"")),"OK","REVISAR: falta fecha, animal, motivo, o falta nota obligatoria cuando motivo=other"))
A3: BAJA-EJEMPLO-001 | B3: 46450 | C3: TOR-004 | D3: Lote Engorde 1 | E3: discard | F3: EJEMPLO - borrar antes de importar. Descartado por problema podal crónico. | G3: =IF(COUNTA(A3:F3)=0,"",IF(AND(B3<>"",C3<>"",E3<>"",OR(E3<>"other",F3<>"")),"OK","REVISAR: falta fecha, animal, motivo, o falta nota obligatoria cuando motivo=other"))
G4: =IF(COUNTA(A4:F4)=0,"",IF(AND(B4<>"",C4<>"",E4<>"",OR(E4<>"other",F4<>"")),"OK","REVISAR: falta fecha, animal, motivo, o falta nota obligatoria cuando motivo=other"))
G5: =IF(COUNTA(A5:F5)=0,"",IF(AND(B5<>"",C5<>"",E5<>"",OR(E5<>"other",F5<>"")),"OK","REVISAR: falta fecha, animal, motivo, o falta nota obligatoria cuando motivo=other"))
G6: =IF(COUNTA(A6:F6)=0,"",IF(AND(B6<>"",C6<>"",E6<>"",OR(E6<>"other",F6<>"")),"OK","REVISAR: falta fecha, animal, motivo, o falta nota obligatoria cuando motivo=other"))
G7: =IF(COUNTA(A7:F7)=0,"",IF(AND(B7<>"",C7<>"",E7<>"",OR(E7<>"other",F7<>"")),"OK","REVISAR: falta fecha, animal, motivo, o falta nota obligatoria cuando motivo=other"))
G8: =IF(COUNTA(A8:F8)=0,"",IF(AND(B8<>"",C8<>"",E8<>"",OR(E8<>"other",F8<>"")),"OK","REVISAR: falta fecha, animal, motivo, o falta nota obligatoria cuando motivo=other"))
G9: =IF(COUNTA(A9:F9)=0,"",IF(AND(B9<>"",C9<>"",E9<>"",OR(E9<>"other",F9<>"")),"OK","REVISAR: falta fecha, animal, motivo, o falta nota obligatoria cuando motivo=other"))
G10: =IF(COUNTA(A10:F10)=0,"",IF(AND(B10<>"",C10<>"",E10<>"",OR(E10<>"other",F10<>"")),"OK","REVISAR: falta fecha, animal, motivo, o falta nota obligatoria cuando motivo=other"))
G11: =IF(COUNTA(A11:F11)=0,"",IF(AND(B11<>"",C11<>"",E11<>"",OR(E11<>"other",F11<>"")),"OK","REVISAR: falta fecha, animal, motivo, o falta nota obligatoria cuando motivo=other"))
G12: =IF(COUNTA(A12:F12)=0,"",IF(AND(B12<>"",C12<>"",E12<>"",OR(E12<>"other",F12<>"")),"OK","REVISAR: falta fecha, animal, motivo, o falta nota obligatoria cuando motivo=other"))
G13: =IF(COUNTA(A13:F13)=0,"",IF(AND(B13<>"",C13<>"",E13<>"",OR(E13<>"other",F13<>"")),"OK","REVISAR: falta fecha, animal, motivo, o falta nota obligatoria cuando motivo=other"))
G14: =IF(COUNTA(A14:F14)=0,"",IF(AND(B14<>"",C14<>"",E14<>"",OR(E14<>"other",F14<>"")),"OK","REVISAR: falta fecha, animal, motivo, o falta nota obligatoria cuando motivo=other"))
G15: =IF(COUNTA(A15:F15)=0,"",IF(AND(B15<>"",C15<>"",E15<>"",OR(E15<>"other",F15<>"")),"OK","REVISAR: falta fecha, animal, motivo, o falta nota obligatoria cuando motivo=other"))
... G1001: =IF(COUNTA(A1001:F1001)=0,"",IF(AND(B1001<>"",C1001<>"",E1001<>"",OR(E1001<>"other",F1001<>"")),"OK","REVISAR: falta fecha, animal, motivo, o falta nota obligatoria cuando motivo=other"))

Sheet Animales_Referencia
A1: CODIGO_ANIMAL | B1: SEXO | C1: CATEGORIA | D1: RAZA | E1: ESTADO_PRODUCTIVO | F1: LOTE_ACTUAL | G1: PESO_ACTUAL
A2: VACA-001 | B2: F | C2: Vaca | D2: VACA | E2: Cría | F2: Lote Cria 1 | G2: 420.5
A3: VAQ-001 | B3: F | C3: Vaquilla | D3: VACA | E3: Recría | F3: Lote Recria 1 | G3: 180.25
A4: TOR-002 | B4: M | C4: Torillo | D4: VACA | E4: Recría | F4: Lote Recria 1 | G4: 240
A5: TOR-003 | B5: M | C5: Novillo | D5: VACA | E5: Engorde | F5: Lote Engorde 1 | G5: 310
A6: TOR-004 | B6: M | C6: Novillo | D6: VACA | E6: Engorde | F6: Lote Engorde 1 | G6: 298.5

Sheet Catalogos_Referencia
A1: Catálogos de referencia — Movimientos
A3: Lotes de la estancia (para LOTE_DESTINO en Compras/Traslados) — ajustar según tus lotes reales
A4: ID_LOTE | B4: NOMBRE_LOTE | C4: TIPO_LOTE | D4: CAPACIDAD
A5: 1 | B5: Lote Cria 1 | C5: cria | D5: 30
A6: 2 | B6: Lote Recria 1 | C6: recria | D6: 40
A7: 3 | B7: Lote Engorde 1 | C7: engorde | D7: 25
A9: Razas registradas (para RAZA en Compras) — ajustar según tus razas reales
A10: ID_RAZA | B10: NOMBRE_RAZA
A11: 1 | B11: VACA
A13: Categorías / clases de animal (para CATEGORIA en Compras)
A14: ID_CATEGORIA | B14: NOMBRE_CATEGORIA | C14: SEXO
A15: 1 | B15: Ternera | C15: F
A16: 2 | B16: Ternero Macho Entero | C16: M
A17: 3 | B17: Ternero Macho Castrado | C17: M
A18: 4 | B18: Hembra Destetada | C18: F
A19: 5 | B19: Macho Entero Destetado | C19: M
A20: 6 | B20: Macho Castrado Destetado | C20: M
A21: 7 | B21: Vaquilla | C21: F
A22: 8 | B22: Vaca | C22: F
A23: 9 | B23: Hembra Esterilizada | C23: F
A24: 10 | B24: Torillo | C24: M
A25: 11 | B25: Novillo | C25: M

Sheet Listas
A1: SEXO | B1: RAZA | C1: CATEGORIA | D1: LOTES_DESTINO | E1: DECISION_VENTA | F1: MOTIVO_BAJA | G1: ETAPA_PRODUCTIVA
A2: F | B2: VACA | C2: Ternera | D2: Lote Cria 1 | E2: accepted | F2: death | G2: Cría
A3: M | C3: Ternero Macho Entero | D3: Lote Recria 1 | E3: rejected | F3: discard | G3: Recría
C4: Ternero Macho Castrado | D4: Lote Engorde 1 | F4: loss | G4: Engorde
C5: Hembra Destetada | F5: other
C6: Macho Entero Destetado
C7: Macho Castrado Destetado
C8: Vaquilla
C9: Vaca
C10: Hembra Esterilizada
C11: Torillo
C12: Novillo

Sheet Resumen_Validacion
A1: Resumen de validación — Movimientos
A3: Indicador | B3: Valor | C3: Qué significa | D3: Hoja base
A4: Compras OK | B4: =COUNTIF(Carga_Compras!P2:P1001,"OK") | C4: Filas de compras listas para importar | D4: Carga_Compras
A5: Compras por revisar | B5: =COUNTIF(Carga_Compras!P2:P1001,"REVISAR*") | C5: Filas de compras con campos obligatorios incompletos | D5: Carga_Compras
A6: Ventas OK | B6: =COUNTIF(Carga_Ventas!K2:K1001,"OK") | C6: Filas de venta listas para importar | D6: Carga_Ventas
A7: Ventas por revisar | B7: =COUNTIF(Carga_Ventas!K2:K1001,"REVISAR*") | C7: Filas de venta con campos obligatorios incompletos | D7: Carga_Ventas
A8: Ventas rechazadas | B8: =COUNTIF(Carga_Ventas!I2:I1001,"rejected") | C8: Animales con DECISION=rejected — no se venden, revierten a su estado previo | D8: Carga_Ventas
A9: Traslados OK | B9: =COUNTIF(Carga_Traslados!H2:H1001,"OK") | C9: Filas de traslado listas para importar | D9: Carga_Traslados
A10: Traslados por revisar | B10: =COUNTIF(Carga_Traslados!H2:H1001,"REVISAR*") | C10: Filas de traslado incompletas | D10: Carga_Traslados
A11: Salidas a estancia OK | B11: =COUNTIF(Carga_Salidas_Estancia!H2:H1001,"OK") | C11: Filas de salida listas para importar | D11: Carga_Salidas_Estancia
A12: Salidas a estancia por revisar | B12: =COUNTIF(Carga_Salidas_Estancia!H2:H1001,"REVISAR*") | C12: Filas de salida incompletas | D12: Carga_Salidas_Estancia
A13: Bajas OK | B13: =COUNTIF(Carga_Bajas!G2:G1001,"OK") | C13: Filas de baja listas para importar | D13: Carga_Bajas
A14: Bajas por revisar | B14: =COUNTIF(Carga_Bajas!G2:G1001,"REVISAR*") | C14: Filas de baja incompletas | D14: Carga_Bajas
A15: Bajas por muerte | B15: =COUNTIF(Carga_Bajas!E2:E1001,"death") | C15: Total de bajas con motivo=death en esta carga | D15: Carga_Bajas
A17: Nota: ninguna fila debería quedar en REVISAR antes de subir el archivo a la app. Una venta confirmada, una salida a otra estancia o una baja quedan en firme apenas se sincronizan — revisar dos veces antes de subir.
